concurrent_users,instances,instance_cost_monthly,memory_cost_monthly,total_cost_monthly,estimated_calls_monthly,cost_per_call_usd
100,1,100,0.383526923559897,100.3835269235599,720000,0.00013942156517161096
500,3,300,1.1705856331602367,301.1705856331602,3600000,8.365849600921117e-05
1000,5,500,1.9926528521015308,501.9926528521015,7200000,6.97212017850141e-05
5000,25,2500,11.630336133886448,2511.6303361338864,36000000,6.97675093370524e-05
